{
    "name": "root",
    "gauges": {
        "StraightPath.Policy.Entropy.mean": {
            "value": 0.39320969581604004,
            "min": 0.3929872214794159,
            "max": 0.6222626566886902,
            "count": 397
        },
        "StraightPath.Policy.Entropy.sum": {
            "value": 19660.484375,
            "min": 19649.361328125,
            "max": 31084.845703125,
            "count": 397
        },
        "StraightPath.Step.mean": {
            "value": 49999977.0,
            "min": 30199976.0,
            "max": 49999977.0,
            "count": 397
        },
        "StraightPath.Step.sum": {
            "value": 49999977.0,
            "min": 30199976.0,
            "max": 49999977.0,
            "count": 397
        },
        "StraightPath.Policy.ExtrinsicValueEstimate.mean": {
            "value": -310.27069091796875,
            "min": -330.86224365234375,
            "max": -309.5954895019531,
            "count": 397
        },
        "StraightPath.Policy.ExtrinsicValueEstimate.sum": {
            "value": -243562.5,
            "min": -260057.734375,
            "max": -243032.453125,
            "count": 397
        },
        "StraightPath.Losses.PolicyLoss.mean": {
            "value": 0.02381406268881013,
            "min": 0.01941780025566307,
            "max": 0.029117190568164614,
            "count": 397
        },
        "StraightPath.Losses.PolicyLoss.sum": {
            "value": 0.09525625075524052,
            "min": 0.07767120102265228,
            "max": 0.13529386511848618,
            "count": 397
        },
        "StraightPath.Losses.ValueLoss.mean": {
            "value": 188.5763069152832,
            "min": 165.65690466562904,
            "max": 342.49870178222653,
            "count": 397
        },
        "StraightPath.Losses.ValueLoss.sum": {
            "value": 754.3052276611328,
            "min": 662.6276186625162,
            "max": 1712.4935089111327,
            "count": 397
        },
        "StraightPath.Policy.LearningRate.mean": {
            "value": 1.4488595173799675e-07,
            "min": 1.4488595173799675e-07,
            "max": 0.000118931148356304,
            "count": 397
        },
        "StraightPath.Policy.LearningRate.sum": {
            "value": 5.79543806951987e-07,
            "min": 5.79543806951987e-07,
            "max": 0.0005932537582488478,
            "count": 397
        },
        "StraightPath.Policy.Epsilon.mean": {
            "value": 0.10004826200000003,
            "min": 0.10004826200000003,
            "max": 0.139643696,
            "count": 397
        },
        "StraightPath.Policy.Epsilon.sum": {
            "value": 0.4001930480000001,
            "min": 0.4001930480000001,
            "max": 0.6977511520000002,
            "count": 397
        },
        "StraightPath.Policy.Beta.mean": {
            "value": 1.2408273799999948e-05,
            "min": 1.2408273799999948e-05,
            "max": 0.001988220430400001,
            "count": 397
        },
        "StraightPath.Policy.Beta.sum": {
            "value": 4.963309519999979e-05,
            "min": 4.963309519999979e-05,
            "max": 0.0099177824848,
            "count": 397
        },
        "StraightPath.IsTraining.mean": {
            "value": 1.0,
            "min": 1.0,
            "max": 1.0,
            "count": 397
        },
        "StraightPath.IsTraining.sum": {
            "value": 1.0,
            "min": 1.0,
            "max": 1.0,
            "count": 397
        },
        "StraightPath.Environment.EpisodeLength.mean": {
            "value": 9999.0,
            "min": 8572.857142857143,
            "max": 9999.0,
            "count": 393
        },
        "StraightPath.Environment.EpisodeLength.sum": {
            "value": 49995.0,
            "min": 49995.0,
            "max": 60010.0,
            "count": 393
        },
        "StraightPath.Environment.CumulativeReward.mean": {
            "value": -31055.584034729003,
            "min": -33112.75739860535,
            "max": -27812.31457846505,
            "count": 393
        },
        "StraightPath.Environment.CumulativeReward.sum": {
            "value": -155277.92017364502,
            "min": -198676.54439163208,
            "max": -154576.33952713013,
            "count": 393
        },
        "StraightPath.Policy.ExtrinsicReward.mean": {
            "value": -31055.584034729003,
            "min": -33112.75739860535,
            "max": -27812.31457846505,
            "count": 393
        },
        "StraightPath.Policy.ExtrinsicReward.sum": {
            "value": -155277.92017364502,
            "min": -198676.54439163208,
            "max": -154576.33952713013,
            "count": 393
        }
    },
    "metadata": {
        "timer_format_version": "0.1.0",
        "start_time_seconds": "1730054958",
        "python_version": "3.8.19 (default, Mar 20 2024, 11:17:09) [MSC v.1900 64 bit (AMD64)]",
        "command_line_arguments": "C:\\Users\\Kavitha\\BR-88\\Assets\\mlagents_env2\\Scripts\\mlagents-learn config.yaml --run-id=trial1 --resume",
        "mlagents_version": "0.30.0",
        "mlagents_envs_version": "0.30.0",
        "communication_protocol_version": "1.5.0",
        "pytorch_version": "2.4.0+cpu",
        "numpy_version": "1.21.2",
        "end_time_seconds": "1730086159"
    },
    "total": 31200.8474423,
    "count": 1,
    "self": 0.0610305000009248,
    "children": {
        "run_training.setup": {
            "total": 0.32722680000000004,
            "count": 1,
            "self": 0.32722680000000004
        },
        "TrainerController.start_learning": {
            "total": 31200.459185,
            "count": 1,
            "self": 108.24973519937703,
            "children": {
                "TrainerController._reset_env": {
                    "total": 63.7116746,
                    "count": 1,
                    "self": 63.7116746
                },
                "TrainerController.advance": {
                    "total": 31028.408300400624,
                    "count": 3933584,
                    "self": 103.48107609810177,
                    "children": {
                        "env_step": {
                            "total": 24974.408583601176,
                            "count": 3933584,
                            "self": 20745.90722330202,
                            "children": {
                                "SubprocessEnvManager._take_step": {
                                    "total": 4156.594442101154,
                                    "count": 3933584,
                                    "self": 349.7309486022641,
                                    "children": {
                                        "TorchPolicy.evaluate": {
                                            "total": 3806.8634934988895,
                                            "count": 3933584,
                                            "self": 3806.8634934988895
                                        }
                                    }
                                },
                                "workers": {
                                    "total": 71.90691819800499,
                                    "count": 3933584,
                                    "self": 0.0,
                                    "children": {
                                        "worker_root": {
                                            "total": 31015.82477289875,
                                            "count": 3933584,
                                            "is_parallel": true,
                                            "self": 15902.039875497874,
                                            "children": {
                                                "steps_from_proto": {
                                                    "total": 0.03227890000000144,
                                                    "count": 1,